Review,feature,ads,performance,overall_sentiment
"Alhamdulillah.. the best al quran application, easy to use every day and carry anywhere.. I pray that God will bless and reward the developer of this best application.. aamiin yaa rabbal aalamiinüòÑü§≤.. tqvm admin",Positive,Positive,Positive,positive
"the best quraan app you can find. it literally has word by word translation and a tafsir option, which is very useful for non arab people. this app has NO ADS and is literally FREE, tho there is a donate option for anyone who wants to help. may Allah be pleased with us and help us do sadka jariya",Positive,Positive,Positive,positive
Very helpful,Positive,Positive,Positive,positive
The recent edition does explain the source of suratul alaq,Neutral,Neutral,Neutral,neutral
May Allah reward you richly rewarded,Positive,Neutral,Positive,positive
I've rate 5 star but the app could give us mor fonts; for example simple font or Othman Taha font.,Negative,Neutral,Negative,neutral
"Outstanding apps,Though audio is not working..",Positive,Positive,Positive,negative
This is app is amizing and i really liked,Positive,Positive,Positive,positive
Good app.,Positive,Positive,Positive,positive
Masha Allah,Neutral,Neutral,Neutral,positive
"Linked to this application, thank you",Positive,Neutral,Neutral,positive
Very good and easy app,Positive,Positive,Positive,positive
Best App to read The Holy Quran.. Love it so much....word by word meaning and it's tafsir makes it more helpful to common user....,Positive,Positive,Positive,positive
Very excited,Positive,Positive,Positive,positive
I really enjoy it,Positive,Positive,Positive,positive
It was helpful to have a translator.,Neutral,Neutral,Positive,positive
Recent update has ruined the app. More glitches. Highlighting and verses don't follow the audio. Please fix to how it was before this recent update.,Negative,Negative,Negative,negative
Masha Allah. This is one of the best Qur'an app i have seen so far. With great features that makes learning and recitation easier.,Positive,Positive,Positive,positive
May allah bless and reinforce you,Neutral,Neutral,Positive,positive
Fantastic,Positive,Positive,Positive,positive
SubhanAllah,Neutral,Neutral,Positive,positive
Good app,Positive,Positive,Positive,positive
MashAllah Amazing App! Well organised & smooth flowü§çü§çü§çü§ç,Positive,Positive,Positive,positive
Perfectüíó,Positive,Positive,Positive,positive
"5 stars are missing, I give 100 stars!!! I recommend it to everyone, many Arab teachers recommend this program. I think you can download it. üëçüëçüëçüëçüëçüëç May God be pleased with you",Positive,Positive,Positive,positive
Great app,Positive,Positive,Positive,positive
I really like thisüëç,Positive,Positive,Positive,positive
Very helpful,Positive,Positive,Positive,positive
"Ma Sha Allah, a great app to learn to read Arabic. Also, each verse of the surah is followed by a tafsir for mental progress. May Allah bless you and your business!",Positive,Positive,Positive,positive
It is the most beneficiary app i have seen. jazakallah,Positive,Neutral,Positive,positive
It is free and has so many functions. I LOVE IT. Jazak Allah! to the developers of this app...,Positive,Positive,Positive,positive
"Masha Allah very good in translation, it's really nice app",Positive,Positive,Positive,positive
Thank you very much,Positive,Positive,Positive,positive
It's THE BEST,Positive,Positive,Positive,positive
"Looking at all the good comments, it makes me want to use this Anroit Al-Qur'an even more quickly. May blessings be upon all, amen",Positive,Positive,Positive,positive
three good,Positive,Positive,Positive,positive
Excellent,Positive,Positive,Positive,positive
I love the app,Positive,Positive,Positive,positive
"Great, very helpful",Positive,Positive,Positive,positive
This app is very good to every muslim to read and listing and also understand the meaning of verses of qur an may Allh grantu jannatul firdaus thsnk,Positive,Neutral,Positive,positive
This is the best app to learn Al Quran.,Neutral,Neutral,Positive,positive
Best app ever focus on your deen,Positive,Positive,Positive,positive
Allah bless you with Al Ferdus inshallah for your effort ‚ù§Ô∏è,Positive,Neutral,Positive,positive
This is the best app of Quran I have ever seen. NO ADD. EASY TO USE.JUST AMAZING. ALHAMDULILLAH.,Positive,Negative,Positive,positive
This is very useful app,Positive,Positive,Positive,positive
Thank you very much,Positive,Positive,Positive,positive
Great app,Positive,Positive,Positive,positive
Million Stars!!!,Positive,Neutral,Positive,positive
Alhamdulillah. A very good up,Positive,Positive,Positive,positive
It's user friendly and really educational,Positive,Positive,Positive,positive
"It's my favorite app, but it has been crashing too much over the past month. I'm not sure what happened to it.",Neutral,Negative,Negative,negative
Alhamdulillah lasers.,Neutral,Neutral,Neutral,positive
Great app Allah is Great,Positive,Positive,Positive,positive
Very beneficial and use to use.,Positive,Positive,Positive,positive
It's a great app.,Positive,Neutral,Positive,positive
"Alhamdulillah. Much delighted getting such an app. This app will undoubtedly help those who are looking for guidance, peace & satisfaction in a true sense. ""Al Quran ""- complete & perfect code of our life. May Allah protect us from the evils of the devil.",Positive,Positive,Positive,positive
better,Positive,Positive,Positive,positive
5 stars because this is the best Quran app I've used so far. It has every feature you could want. I appreciate the team for doing such an amazing job!,Positive,Positive,Positive,positive
"God bless you, wonderful",Positive,Positive,Positive,positive
Quran. Yes.,Positive,Neutral,Positive,neutral
Very very helpful,Positive,Positive,Positive,positive
"Amazing app, I love this app",Positive,Positive,Positive,positive
"It is the most versatile, most useful app ever...",Positive,Neutral,Positive,positive
Barokallahu fiikum,Neutral,Neutral,Neutral,positive
Best,Positive,Positive,Positive,positive
Ma sha Allah!!,Neutral,Neutral,Positive,positive
This Al Qur'an...it's really beautiful to hear before sleeping..üíìüíì Thank you for sharing goodness through this applicationüíñ,Positive,Positive,Positive,positive
Very good app for Quran.But it would be more good if there had a form of Hafizi Quran.,Positive,Neutral,Positive,positive
I just installed this app and it was really good i was actually surprised for how the app was built. And most important part the app has verryy limited adds.,Positive,Positive,Positive,positive
I want to learn the Qur'an,Neutral,Neutral,Neutral,neutral
Kindly plz gave lessons notification daily plz,Neutral,Neutral,Positive,neutral
Good,Positive,Positive,Positive,positive
ossadharon,Neutral,Neutral,Positive,negative
I've been hoping for a long time. Thank You.,Neutral,Neutral,Positive,positive
Very nice program,Positive,Positive,Positive,positive
The only broplem that i find is sometimes i can't change the language,Negative,Negative,Negative,negative
Thank God,Positive,Positive,Positive,positive
May Allah bless you who made this app‚ù§Ô∏è Alhamdulillah,Positive,Positive,Positive,positive
Excellent application,Positive,Positive,Positive,positive
"Alhamdulliah. This app helps to read and understand the kalam of Allah, the Holy quran. App offers good customization and colored tajweed. May Allah reward the developer with abundance here and hereafter.",Positive,Positive,Positive,positive
I advise you to download it,Positive,Positive,Positive,neutral
Mashaallah....I read quran from this app regularly Alhamdulillah.,Neutral,Negative,Neutral,positive
"Alhamdulilah, may Almighty Allah showers His blessings on the developers of this app (Greentech Apps Foundation) and all Muslim Ummah worldwide.",Neutral,Neutral,Positive,positive
Very good application,Positive,Positive,Positive,positive
Love it,Positive,Positive,Positive,positive
‚ù§Ô∏è,Positive,Positive,Positive,positive
"One of the best Quran, Tafsir, and Word for Word Translation App! If I could, I'd give this 10 stars. I use this often, InshaAllah. Thank you, developers. Jazak Allah.",Positive,Positive,Positive,positive
As salamu aleikum wa rahmatuLLAHi wa barakatuh. Is it also possible to set the phonetic transcription? Jazzakum ALLAHu khairan!,Neutral,Neutral,Neutral,positive
Excellent Masha Allah ‚ù§Ô∏è,Positive,Positive,Positive,positive
Good,Positive,Positive,Positive,positive
"Great application, it is possible to read the Koran in any language ‚ù§Ô∏è‚Äçü©π‚úäüèª",Positive,Positive,Positive,positive
Love it! May the app developer be rewarded thousands of blessings,Positive,Positive,Positive,positive
"Very useful App, May Allah bless them who are working hard to develop this.",Positive,Neutral,Positive,positive
"When I go to any surah from bookmark (last read) and play any ayah, page jumped to next page, I have prepared a video from screen recorder but here there is no option to upload",Negative,Negative,Negative,neutral
"Very good, Alhamdulilah",Positive,Neutral,Positive,positive
very good,Positive,Positive,Positive,positive
Its really a nice. I loved It,Positive,Positive,Positive,positive
Very good,Positive,Positive,Positive,positive
Best,Positive,Positive,Positive,positive
The app is perfect üíú,Positive,Positive,Positive,positive
"Excellent application, may God reward you and put it in the balance of your good deeds. For pointing out, there is a slight error by the reader Noureen Al-Siddiq in the form of ants, verse 24, where he said, ‚ÄúShould they not prostrate to God, the One who brings forth what is hidden in the heavens and the earth, and knows what you hide and what you reveal? He said, ‚ÄòAnd He knows what they hide and what they reveal.‚Äô Accept my humble passage and my greetings to all of you.‚Äù",Neutral,Neutral,Positive,neutral
This app is very good for muslims,Positive,Positive,Positive,positive
"All you could want in one place; Breaks down the Arabic, Keeps track of progress and is free.",Positive,Neutral,Positive,positive
Not satisfied with Urdu translation and font is broken at many places,Negative,Negative,Negative,negative
"Is there anything better than the word of God and supplication to Him? A strong application that deserves support. Give it the best rating and support it, as the effort in it is great and deserves to be continued.",Positive,Positive,Positive,positive
"A very nice app. This is a good app for those who are Quran readers, who want to know the meaning of each word, who want to know the etymology of words.",Positive,Positive,Positive,positive
Outstanding Qur'an app I ever used,Positive,Positive,Positive,positive
Man it's great having this app on your phoneüì≤. Feel like I've life guide in my handsüëçüèªüíñüíñ,Positive,Positive,Positive,positive
"One of the best Quran apps, I have ever used.",Neutral,Neutral,Positive,positive
Love it ü•∞,Positive,Positive,Positive,positive
Amazing,Positive,Positive,Positive,positive
"Beautiful, may God reward you with all the best",Positive,Positive,Positive,positive
Excellent,Positive,Positive,Positive,positive
Good app for daily Quran recitation and learning.,Positive,Neutral,Positive,positive
Perfect,Positive,Positive,Positive,positive
Alhamdulillah very good app but it would have been better if it had paid audio,Positive,Positive,Positive,positive
May God reward you with goodness in both worlds,Positive,Positive,Positive,positive
"It is so easy to read and listen to the Qur'an through this application. Simple and easy to use. Thank you to the makers of this application, may Allah SWT bless and bless you",Positive,Positive,Positive,positive
Phenomenal,Positive,Positive,Positive,positive
"I like it, very nice app.",Positive,Positive,Positive,positive
Very good application,Positive,Positive,Positive,positive
Excellent,Positive,Positive,Positive,positive
Helpfully software...excellent,Positive,Positive,Positive,positive
"Best app for recitation, must go blindly, I used a app in my PC and I am searching that type of app for Android this is the app, repeat, stick on the Verse, etc very good app if you want to recite Al Qur'an then definitely go blindly",Positive,Positive,Positive,positive
Unable to open tafsir like before,Negative,Neutral,Negative,negative
I got it very helpful,Positive,Positive,Positive,positive
Awesome,Positive,Positive,Positive,positive
Very comfortably,Positive,Positive,Positive,positive
Amazing. I was looking for an app like this for several years but just got it. Sarf O Nahv Meaning of each word and its root with English grammar and a lots of things,Positive,Positive,Positive,positive
MashaAllah,Neutral,Neutral,Positive,positive
"Very good, good luck",Positive,Positive,Positive,positive
Good,Positive,Positive,Positive,positive
God bless you ‚ù§Ô∏èü§≤üèº,Neutral,Neutral,Positive,positive
"The most intellectual one,,they used the most needful tech for this,,",Positive,Positive,Positive,positive
There are many sentences.,Neutral,Neutral,Neutral,neutral
May God reward you,Neutral,Positive,Positive,positive
"Very good, thank you.",Positive,Neutral,Positive,positive
"MashaAllah, Thanks to the developer for making this amazing app.",Neutral,Neutral,Positive,positive
"At the moment, this has become the best application for memorizing the Quran for me. It is especially convenient to indicate in the audio exactly how many verses you need, how many times they will be repeated, as well as how many times each verse will be repeated. It‚Äôs also very convenient that there is a translation of each individual word, which allows you to take verbs and also study words separately for use in conversation",Positive,Positive,Positive,positive
Great app !!!,Positive,Positive,Positive,positive
Besttt,Positive,Positive,Positive,positive
An excellent App for reading and understanding the Holy Quran may Allah(SWT) help you in developing the application,Positive,Positive,Positive,positive
Alhamdulillah!,Neutral,Neutral,Positive,positive
Beautiful ‚ù§Ô∏è app,Positive,Positive,Positive,positive
Alhamdulillah.,Neutral,Neutral,Positive,positive
excellent,Positive,Positive,Positive,positive
üòçüòô,Positive,Neutral,Positive,positive
"Alhamdulillah, this is a amazing app.",Positive,Neutral,Positive,positive
May God reward you,Neutral,Positive,Positive,positive
Like very much this may allah reward them with jannah those prepared this app.developer,Positive,Positive,Positive,positive
"A useful application, may God reward its owner",Positive,Positive,Positive,positive
Perfect,Positive,Positive,Positive,positive
"Alhamdulillah found this app very useful. Only request i have is to add all the essential duas, such as, dua Masura, Sana, Tashahhud etc.",Positive,Positive,Positive,positive
It has been an amazing app to read the Quran. the tafsir part is apt to reflect on the meaning of verses,Positive,Positive,Positive,positive
Prominent,Positive,Neutral,Positive,neutral
Mashallah,Neutral,Neutral,Neutral,positive
Very good app. But the word-by-word translation into French is lacking. Thanks for reviewing this.,Neutral,Neutral,Negative,negative
Really like!,Positive,Positive,Positive,positive
Mashallah God bless you,Neutral,Neutral,Positive,positive
The app is really great!,Positive,Neutral,Positive,positive
Very good and Handy,Positive,Positive,Positive,positive
"Great app. Well done, may Allah reward you greatly here and in the hereafter. thank you very much for your work.",Positive,Neutral,Positive,positive
nice ‚ù§Ô∏è‚ù§Ô∏è,Positive,Positive,Positive,positive
Subhanallah such a helpful app must download,Positive,Positive,Positive,positive
üíñ,Neutral,Neutral,Positive,positive
ü§ç This Al Quran app is Maasha Allah ü§çüòä May The Almighty Allah bless anyone that contributed in bringing up this application Amiin thumma Amiin üôèüòä,Neutral,Neutral,Neutral,positive
Very satisfied. But the search could be improved a bit more.,Positive,Positive,Positive,positive
"Wow what a beautiful Quran app,I enjoy these app,I recommended it to all my Muslim brother and sister in islam",Positive,Positive,Positive,positive
I have to say it's one of the best apps I've come across you can download recitations from different qari for one surah and best of all infinity repeat until you get the aya right. May Allah bless you and us all. Amin,Positive,Positive,Positive,positive
Baarakkallahu fiikum,Neutral,Neutral,Neutral,positive
Alhamdulillah. I find Appa very helpful in understanding Al Quran. T you.,Positive,Neutral,Positive,positive
A very wonderful application. I advise everyone to download it. May God reward them well,Positive,Positive,Positive,positive
"This program is excellent, God willing",Positive,Positive,Positive,positive
"Great app, especially the verse bookmark system, I was looking for a system like this. One suggestion - it would be nice to have a separate bookmark button next to the verse for bookmarking verses. Then there would be fewer interruptions between recitations.",Positive,Positive,Positive,positive
Baraka Allah,Neutral,Neutral,Neutral,positive
Alhamdulillah very beautiful app üíñ So much options in there üëçüèª,Positive,Positive,Positive,positive
"It is a very good app, the Best part about it is that it doesn't have ads, and it is easy to plan a khitam.",Positive,Negative,Positive,positive
"It has been a great app to deepen the connection with Quran. Tafsir, and daily verse reminders are helping me to understand the Quran.",Positive,Positive,Positive,positive
"Facing difficulty while playing audio. When Play button is pressed, It ask to delete the existing downloaded file. After delete it tries to download the sura and after successful download it again ask to delete the downloaded file and the loop continues.",Negative,Negative,Negative,negative
Great!,Positive,Positive,Positive,positive
"We have gained a lot of knowledge from this application. May Allah give blessings, wide fortune, and make everything easy for those who create and manage this application.",Positive,Positive,Positive,positive
God bless you very much,Positive,Neutral,Positive,positive
This quran is so beautiful üòäapp,Neutral,Positive,Positive,positive
Good,Positive,Positive,Positive,positive
"The app is excellent I used for a long time,it is easy any one can use it I give it 5 üåü s",Positive,Positive,Positive,positive
"Completely marked with tajwid and punctuation, the painting can be adjusted, complete with nahwu, just adjust it, the display can also be per verse, it can be 1 full page, enough features to help you read the Koran",Positive,Positive,Positive,neutral
Nice apps,Positive,Positive,Positive,positive
Mashallah beautiful üòçüòçüòç app,Positive,Positive,Positive,positive
"I have no words to describe about this app, ma shaa allah too good, alhamdulilah my day starts and ends with this app, jazakh allah khair to the entire team. I would recommend this app for every Muslim of this ummah.",Positive,Positive,Positive,positive
I've found it very useful.,Positive,Neutral,Positive,positive
MaShaAllah,Neutral,Neutral,Positive,positive
Simple and easy to learn,Positive,Positive,Positive,positive
Good app ..Tamil translation also available,Positive,Positive,Positive,positive
Best app ever in my opinion,Positive,Positive,Positive,positive
Alhamdulillah it's a wonderful app very helpful and easy to use..May ALLAH reward you with the best reward you deserve it..jazakallahu khair‚ú®Ô∏èüåº,Positive,Positive,Positive,positive
"I'm still discovering it, but so far, it's great, great, great. I advise programmers if they want to update something, it is to add interpretations of the ancient Arab commentators of the Holy Book, and the best program to draw from it is ((Contemplation and Action))üëåüíô, please do not forget the best thing about the program is its simplicity. üëâ‚ù§Ô∏è",Positive,Positive,Positive,positive
"Very good and very helpful. Hopefully this will last and not reduce its quality and continue to be useful. Anyway, this is highly recommended. MashaAllah.. Ta barakallah",Positive,Positive,Positive,positive
"I liked it very much. Thank God, there was a program for the same students. There are many opportunities.",Positive,Positive,Positive,positive
Good app,Positive,Positive,Positive,positive
Subhan Allah,Neutral,Neutral,Positive,positive
Great app,Positive,Positive,Positive,positive
It's extremely helpful... I will make dua for whoever made this app in sha Allah,Positive,Positive,Positive,positive
The ui is very user-friendly and well thought off.,Positive,Positive,Positive,positive
God bless you,Positive,Neutral,Positive,positive
Like,Positive,Positive,Positive,neutral
May God bless you,Neutral,Neutral,Positive,positive
Excellent app. Just a few bugs with new update. If 2 reciters selected and you pause Adio or select next ayah will not play both reciters and will revert to last played reciter. Also last ayah of surah only plays one reciter,Negative,Negative,Negative,negative
Very good app elhamdulilah,Positive,Positive,Positive,positive
üëçüëç,Neutral,Neutral,Positive,positive
Best thing I've ever seen in my lifeeeü§ç,Positive,Positive,Positive,positive
Extremely good,Positive,Positive,Positive,positive
May God be pleased,Neutral,Neutral,Neutral,positive
"Mashallah, Blessed be the Most Merciful, very, very excellent",Positive,Positive,Positive,positive
"This app is very good,useful,important. one who wants to read quran its Very useful for them.you can read in any print, with meaning in almost any language, learn word by word meaning, can hear your favourite qari voice,also can read famous tasfir..and You'll get tajweed sign print too So I think It's very beautiful. üñ§üñ§üñ§",Positive,Positive,Positive,positive
Prominent,Positive,Neutral,Positive,neutral
Me love God new and make me like this app too Alhamdulillh,Positive,Positive,Positive,positive
Ma sha Allah good work.,Neutral,Positive,Positive,positive
Best Quran App that I've used so far. Could be much better if the Tafsir was a longer version.,Negative,Negative,Negative,positive
I advise every Muslim who wants to memorize the Holy Qur‚Äôan to download this beautiful application,Positive,Positive,Positive,positive
The best,Positive,Positive,Positive,positive
This app is so amazing you can find any mufti sound furthermore most interesting I found you can play any surah and can lock your mobile it cotinues until surah is finish I repeat this many times. Thanks to one who developed this app. May Allah bless him/her whoever developed this app. AMEEN SUMMA AMEEN YA RABB,Positive,Positive,Positive,positive
"Good application, God bless you",Positive,Positive,Positive,positive
"Alhamdulillah, this application satisfies me and my family, it contains complete instructions for worship, academics, inspiration in all aspects of life, this application also makes it easy to answer complicated questions quickly that I can't find anywhere else, especially how to find comprehensive meanings that connect the meanings of words. in one point, the creator is the keeper of creation and unlimited love. So this application is worthy of being owned by every human being",Positive,Positive,Positive,positive
Thanks for this app,Positive,Positive,Positive,positive
"Alhamdulillah, very useful",Positive,Positive,Positive,positive
"Very good experience, a lot of options available and on top of all, portable",Positive,Positive,Positive,positive
Good experience,Positive,Positive,Positive,positive
Super excellent. JazakumuLloohu Khayr,Positive,Positive,Positive,positive
"When i open in tafsir/ mode, aplication chrass and close",Negative,Neutral,Negative,neutral
Thanks for helping me read,Neutral,Neutral,Positive,positive
Fantastic,Positive,Positive,Positive,positive
May God reward you,Neutral,Positive,Positive,positive
Excellent application,Positive,Positive,Positive,positive
I don't really like this application because it doesn't have an Indonesian translator.,Negative,Neutral,Negative,negative
"Jazakallah, good app",Positive,Positive,Positive,positive
"Great, worth downloading",Positive,Positive,Positive,positive
MashaAllah bohat mufeed ap hy,Neutral,Neutral,Neutral,positive
It's a nice and friendly used App.,Positive,Positive,Positive,positive
Masha Allah very good app I can read it with surah para and and every surah and para define with pages no and rukh that's amazing I suggest to everyone install,Positive,Positive,Positive,positive
The best Al Quran App.! in my opinion.My consideration is based on the various features it provides.Love the reciting by Husary(the mualim version)helps alot in pronounciation.The colored arabic letters helps in affirming the type of tajwid to be applied.The ability to create folders and notes really helps alot.These are some of the features edging this app from the others.Kudos Greentech.Only Allah can reward your team for the good job.,Positive,Positive,Positive,positive
"Excellent, God bless you",Positive,Positive,Positive,positive
"I am so much more excited with this app because I achieved a lot of things from it especially the translation part of it. And like wise the way it's was been program and as it's contain a lot of tangible things, but the little problem it has is that when opening it, it will keep on stop. So it will be very excited if that problem is well considered and solved.",Negative,Negative,Negative,positive
Gives me a better understanding of Quran,Positive,Positive,Positive,positive
Very cool,Positive,Positive,Positive,positive
Very nice app,Positive,Positive,Positive,positive
"Beautiful, may God bless you",Positive,Positive,Positive,positive
The best application for those looking for the virtual Quran...,Positive,Neutral,Positive,positive
"Very very useful,All Maighty ALLAH may bless you,Thanks.I have not tried offline yet.",Positive,Neutral,Positive,positive
Great app... In Sha Allah will help us all learn the Quran. Incredibly convenient features and excellent learning will be limited to you. Start studying the Quran and you will understand everything.. Thank you for the opportunities üëçüëçüëç,Positive,Positive,Positive,positive
Nice,Positive,Positive,Positive,positive
So nice,Positive,Positive,Positive,positive
Excellent apps. Subhanallah Alhamdulillah.,Neutral,Neutral,Positive,positive
Amazing app!!!,Positive,Positive,Positive,positive
An excellent program and we hope for more success and development,Positive,Positive,Positive,positive
Alhamdulillah,Neutral,Neutral,Positive,positive
"MashaAllah, the Qur'an is very good",Positive,Positive,Positive,positive
Alhamdulillah it's good,Positive,Positive,Positive,positive
That's cool. Add the Uzbek language to the translation of the words.,Positive,Neutral,Positive,positive
Alhamdulillah Amazing.,Positive,Neutral,Positive,positive
Very useful ‚ù§Ô∏è,Positive,Positive,Positive,positive
Nice app very helpful,Positive,Positive,Positive,positive
Beautifull app for every muslim,Positive,Positive,Positive,positive
It's amazing! MashaAllah! I really love this app. I recite everyday with this app. But it would be great if you could add some features. 1. Highlight the last ayat we recited and also highlight some of ayat that we recite daily basis. 2. tajwed with example of sounds recitation from quran I mean what is the easiest way to make people understand. You can add tajweed where you colored the letter to long press to see the tajweed details. Jazakallah who developed such a beautiful app.,Positive,Positive,Positive,positive
The writing is not clear,Negative,Negative,Negative,negative
"It is a very nice application, I can read whenever I want, however I want. Also, it has word-by-word translations, but the interpretations are a bit short :) thank you<333",Positive,Positive,Positive,positive
God's peace be upon those who deliver the right as it is.,Neutral,Neutral,Positive,positive
May God reward you and place it in the balance of your good deeds,Positive,Positive,Positive,positive
Mashallah excellent app. If you can add more Qari one can select of his choice.,Positive,Neutral,Positive,positive
This is wonderful,Positive,Positive,Positive,positive
Alhamdulillah I find this aap very usefull for learning the meaning in my own language,Positive,Positive,Positive,positive
No complain. Its nice application.,Positive,Positive,Positive,positive
Very interesting,Positive,Positive,Positive,positive
Very helpful in many ways 1..word to word translation 2..root word 3..reminder,Positive,Positive,Positive,positive
Best app ever,Positive,Positive,Positive,positive
Best ever Mobile Quran ap,Positive,Positive,Positive,positive
thanks may Allah reward you for this app,Positive,Positive,Positive,positive
amazing app. Better than many paid ones,Positive,Positive,Positive,positive
Fit my likeness of how it been made for learning,Positive,Positive,Positive,neutral
JazakaALLAHOU hairan,Neutral,Neutral,Positive,positive
Thank you very much...,Positive,Neutral,Positive,positive
Better than any other apps.,Neutral,Negative,Positive,positive
so good my brothers,Positive,Positive,Positive,positive
"Very smart and easy to read, I feel good to understand the meaning of whole Al Quran with this application.",Positive,Positive,Positive,positive
best and satisfied ‚ù§Ô∏è,Positive,Positive,Positive,positive
Very good,Positive,Positive,Positive,positive
Best,Positive,Positive,Positive,positive
Good,Positive,Positive,Positive,positive
"It has taken an incomparable position among all the apps of Play Store. It is surely Allah's mercy. I know, it has many features to understand the Qura but I expect more form it.",Positive,Positive,Positive,positive
It s the best islamic app,Positive,Positive,Positive,positive
Good,Positive,Positive,Positive,positive
A very good application. Quran Tafseer is available very well from here.,Neutral,Neutral,Positive,positive
"Glory be to Allah, a very complete Qur'an application, very helpful to better understand the content of the Qur'an",Positive,Positive,Positive,positive
This app is good for reading offline. This app does not show ads.,Positive,Positive,Positive,negative
"It's a wonderful experience to read the Holy Quran from this app. Easily we can read it off line,select word by word translation, their root words and tafseer as well.stay blessed and happy learning through this appüí´",Positive,Positive,Positive,positive
Waiting for Tafsir as Sadi in English,Neutral,Neutral,Neutral,neutral
Wonderful app!!!! Jazakallahu khair,Positive,Positive,Positive,positive
Wow masha allah this app is amazing,Positive,Positive,Positive,positive
Good and interesting üëç,Positive,Positive,Positive,positive
Great App bu,Positive,Positive,Positive,positive
"MA SHA ALLAH,ALLAH VAS NAGRADIO",Neutral,Neutral,Neutral,positive
This is very handy and one of the best online Qur'an site.,Positive,Neutral,Positive,positive
Actually very helpful,Positive,Positive,Positive,positive
Prominent,Positive,Neutral,Positive,neutral
I'm really happy to have this apk... it's very helpful so you don't get bored... because there are various types of mushaf,Positive,Positive,Positive,positive
The best thing,Positive,Positive,Positive,positive
This is an invaluable app. I use it everyday. And it is user friendly.,Positive,Positive,Positive,positive
Alhamdulillah,Neutral,Neutral,Positive,positive
Prominent,Positive,Neutral,Positive,neutral
Its good for daily read,Positive,Positive,Positive,positive
really complete,Positive,Positive,Positive,negative
May ALLAH SWT GIVE blessings to everyone,Neutral,Neutral,Positive,positive
Stars talking,Neutral,Neutral,Neutral,neutral
The application is very good and complete.,Positive,Neutral,Positive,positive
Long time i used this app.. Now it's not reciting with the ayah.. Don't know yüòí,Negative,Negative,Negative,negative
Excellent,Positive,Positive,Positive,positive
Great....,Positive,Positive,Positive,positive
"I really like this Al-Qur'an, there are interpretations that make it easy for me to find the meaning.",Neutral,Neutral,Positive,positive
This is an awesome app. and usefull too.,Positive,Positive,Positive,positive
Why shouldn't I put 5 stars?,Positive,Neutral,Positive,negative
‚ù§Ô∏è,Positive,Positive,Positive,positive
This is very useful app to understand the meaning of Qur'an l,Positive,Neutral,Positive,positive
Good app,Positive,Positive,Positive,positive
Very good. May God bless you all and reward you with all the best. I liked it. Thank you,Positive,Positive,Positive,positive
"I installed various applications, but this was the one I liked the most. You can really adjust everything as you wish.",Positive,Neutral,Positive,positive
"Thank you, this app is very helpful in understanding the Qur'an",Positive,Positive,Positive,positive
AlhmdulilAllah bht acha hn bht beneficial,Positive,Neutral,Neutral,positive
Easy to read,Positive,Neutral,Positive,positive
"Masha allah, good app",Positive,Positive,Positive,positive
May God reward you,Neutral,Positive,Positive,positive
Fantastic App,Positive,Positive,Positive,positive
God bless you,Positive,Neutral,Positive,positive
Allahumdullilah best experience,Positive,Positive,Positive,positive
"May God bless their work, and I highly recommend it. It is very, very useful",Positive,Positive,Positive,positive
A very great application that annoys me about one thing: the explanation or the reason for the revelation of the verses. It is supposed to be on the same page. I can select a word or verse on some of them and the explanation for it will appear for me.,Positive,Negative,Positive,negative
Masha Allah this app is so helpful and easy to read and understand.I can easily read. jazakallahu khair.May Allah tala grant you all jannatul firdaus,Positive,Positive,Positive,positive
"Very clear and accurate tafsir and user friendly UI. Tried a few apps, this works the best. Although prefer the actual book but this works as a good alternative when no Al Quran available.",Positive,Positive,Positive,positive
Best Quran app ever,Positive,Positive,Positive,positive
"Highly recommended, has lots of features to make it easier to use, and setup is easy and not too complicated",Positive,Positive,Positive,positive
üëåüëåüëå,Neutral,Neutral,Positive,positive
"This Quranic app is exceptional, it's excellent and love it so much, may Allah bless the developers.",Positive,Positive,Positive,positive
"Cakeppp, you need to have this software",Neutral,Neutral,Neutral,neutral
Alhamdulillah very helpful in understanding the Qur'an and easy to find the letter. üëç,Positive,Positive,Positive,positive
This is the app what I was looking for since long. It's huge! Loved it.,Positive,Positive,Positive,positive
Nice App,Positive,Positive,Positive,positive
Good let him down,Neutral,Neutral,Negative,negative
"Excellent application, excellent, excellent, excellent, excellent, excellent.. I want to translate the Holy Quran into Arabic, and the interpretation should also be Arabic. How?",Neutral,Neutral,Positive,positive
Excellent üëç,Positive,Positive,Positive,positive
Good,Positive,Positive,Positive,positive
Very good apps.,Positive,Positive,Positive,positive
The most beautiful proposal I know. Thanks to the developers.,Neutral,Neutral,Positive,positive
This is great I love it,Positive,Positive,Positive,positive
The app is quite nice owing to i ever not come across any Quranic app better than this.,Positive,Positive,Positive,positive
One of the best app I have ever come across. May God reward you,Positive,Positive,Positive,positive
gob,Neutral,Neutral,Positive,negative
very good,Positive,Positive,Positive,positive
One of the best apps I've ever used,Positive,Positive,Positive,positive
Alhamdulillah..,Neutral,Neutral,Positive,positive
Assalaamu alaykum wa rahmatullaahi wa barakaatuh perfect app so far. I use this app with my children. One feature you can add is an AI tool for memorization.,Positive,Positive,Positive,positive
Nice apps,Positive,Positive,Positive,positive
It's a very good app.,Positive,Neutral,Positive,positive
Super pridlogenia,Positive,Positive,Positive,positive
Very good with good transalations,Positive,Positive,Positive,positive
Top,Positive,Neutral,Positive,positive
Alhamdulillah. A very good and useful app.,Positive,Positive,Positive,positive
Wow....... Best of its kind. So easy to learn Quran,Positive,Positive,Positive,positive
Most helpful app with soothing recitation,Positive,Positive,Positive,positive
Very good mashallah,Positive,Positive,Positive,positive
I really like this app and I wish Allah almighty will let this app reach were you the owners want it to reach,Positive,Positive,Positive,positive
one true love,Positive,Positive,Positive,positive
BestüòäüôèüôèüíØ the translation are clear and in understandable English and the fact that they translate word per word it's so nice üëç and the Arabic......üò∂this app üëå,Positive,Positive,Positive,positive
"Alhamdhulillah,, I love this app because it reminds me of my daily food for the soul.Mashaallah its amazingüåπ.I think rating it at four is good",Positive,Positive,Positive,positive
amazing app,Positive,Positive,Positive,positive
very well. Thank You,Positive,Positive,Positive,positive
It is a very good App. I would like to see more tafseers. It will then be excellent.,Positive,Neutral,Positive,positive
MashaAllah the best App. I like the way Tafsir and the way explained by word.,Positive,Positive,Positive,positive
"A wonderful application, I recommend downloading it ‚ù§Ô∏è‚Äçü©π",Positive,Positive,Positive,positive
Best book I have ü§≥,Neutral,Neutral,Positive,positive
good,Positive,Positive,Positive,positive
Excellent,Positive,Positive,Positive,positive
MashaAllah....,Neutral,Neutral,Positive,positive
"Al Quran is very complete, easy to learn and understand.",Positive,Neutral,Positive,positive
This is lovely and best among the others,Positive,Positive,Positive,positive
God bless you,Positive,Neutral,Positive,positive
Best Qur'an application,Positive,Neutral,Positive,positive
All you need,Positive,Positive,Positive,neutral
"Very nice Quran up When I saw that this app was Bangladeshi, it was even betterü•∞",Positive,Positive,Positive,positive
Great,Positive,Positive,Positive,positive
Wow!,Positive,Neutral,Positive,positive
Illuminating,Positive,Positive,Positive,neutral
Great app to learn the pronunciation.,Positive,Neutral,Positive,positive
masha allah excellent,Positive,Positive,Positive,positive
Alhamdulillah,Neutral,Neutral,Positive,positive
"Alhamdulillah i downloaded this beautiful quran app.... And may Allah bless the developer here and hereafter..and also the person who shared this app with me... It's everything a person needs... Tafseer, Tajweed, Reciting, Fonts i mean this app has got everything, except the ads‚ù§‚ù§ (that annoy too much).....and i recommend everyone to download it...",Positive,Negative,Positive,positive
Alhamdulillah,Neutral,Neutral,Positive,positive
Good,Positive,Positive,Positive,positive
Good,Positive,Positive,Positive,positive
"Thank you ‚ù§Ô∏è Mashallah, a very beautiful programme",Positive,Positive,Positive,positive
Clean but I can't put the tafsir word by word in French so I can't be sad üòî,Negative,Neutral,Negative,negative
Excellent,Positive,Positive,Positive,positive
It's a really wonderful app with multiple reciters,Positive,Positive,Positive,positive
Useful n helpful n appreciate d efforts put in by u all. Easy to follow n referencing,Positive,Positive,Positive,positive
Very good app. Everyone download this app Zajakallohu Khairan,Positive,Positive,Positive,positive
I am fine to get this Quran,Positive,Neutral,Positive,positive
"This app is so glamorous , by the obviously it contains The Holy Quran , it is so easy to use this app I would suggest , don't give a second thought just click on download... Remember :- ""Allah is the most merciful "" start your day with Quran surah Yaseen and end it with Quran surah Mulk and the last 2 ayats of surah baqarah.",Positive,Positive,Positive,positive
Mashallah I like the audio part mostly,Positive,Positive,Positive,positive
"Alhamdulillah, this app is helpful and easy to use, suitable for use when outside the area...",Positive,Positive,Positive,positive
Very good app.,Positive,Positive,Positive,positive
"May God reward you, excellent, God willing",Positive,Positive,Positive,positive
Great app Hope for more features,Negative,Positive,Positive,positive
‚ù§Ô∏èüß°,Positive,Neutral,Positive,positive
It is an excellent app üòÅ,Positive,Positive,Positive,positive
I recommend this app very useful,Positive,Positive,Positive,positive
Mashallah oshadharon,Neutral,Neutral,Neutral,positive
Had wonderful experience clear fonts word to word explanation and you get a short tafseer as well serves the purpose and jazak Allah khair for making this app,Positive,Positive,Positive,positive
"Excellent, it only requires the Internet at first to download the Qur‚Äôan to any reader you want, then after that you do not need the Internet, but the font is beautiful and there are no annoying ads. May God bless you and bless you.",Positive,Positive,Positive,positive
top,Positive,Neutral,Positive,positive
I Love Quran ‚ù§Ô∏èü•∞ü´∂,Positive,Positive,Positive,positive
"Alhamdulillah, very well.",Neutral,Neutral,Positive,positive
It has problems with word to word translation. Only few words in a verse show word to word translation. Please fix this,Negative,Negative,Negative,negative
beautiful,Positive,Positive,Positive,positive
"I have not take so much time using this app but I found it to be very helpful and useful, also how the search is working, if you type a word, the whole verses with that word will appear, then you select the verse you are looking for, and the translation and explanation of it is very interesting, only thing I can suggest is that, the audio should be listed offline after downloaded, but it will only be listed online, that is the only suggestion that I have, but the app is very nice and useful.",Positive,Positive,Positive,positive
excellent application Practical and very easy to use Allows you to learn the QURAN by repetition following a wise teacher.,Positive,Neutral,Positive,positive
Great God bless you,Positive,Positive,Positive,positive
Great,Positive,Positive,Positive,positive
God bless you üôè,Neutral,Neutral,Positive,positive
Best quran app out there.,Neutral,Neutral,Positive,positive
Allahumma barikkkk... Alhamdulillah BEST APP FOR BEGINNERS OF TAFSEER AND ARABIC WORDS WITH ITS ROOTS,Positive,Positive,Positive,positive
Very helpful mashAllah,Positive,Positive,Positive,positive
Better understand the contents of the letter,Neutral,Neutral,Neutral,neutral
Including the applications that I open most often üëçüëçüëç,Neutral,Neutral,Positive,positive
This is great work I love it Islam is the best now I am able to understand it with my own language thanks,Positive,Positive,Positive,positive
üíóüíó,Neutral,Neutral,Positive,positive
"May God bless you and bless your efforts and put them in the balance of your good deeds. Apply the values ‚Äã‚Äãof God, bless",Positive,Positive,Positive,positive
Very perfect,Positive,Positive,Positive,positive
"The best app for anyone whose first language isn't Arabic, it translates every ayah in ur desired language. It is so helpful to read and understand Quran like never before. JazaakAllah khair to the developers off this app. A must-have for anyone who wants to understand the meaning of every ayah.",Positive,Positive,Positive,positive
"A wonderful and distinctive application, may God reward you",Positive,Positive,Positive,positive
I like the app,Positive,Positive,Positive,positive
God bless you,Positive,Neutral,Positive,positive
This is the best Android application for Quran. Thanks to the Green Tech Team.,Neutral,Neutral,Positive,positive
Appreciating and correct saying,Positive,Positive,Positive,positive
"Good luck, God willing",Neutral,Neutral,Positive,positive
Nice,Positive,Positive,Positive,positive
May God put it in the balance of your good deeds,Neutral,Neutral,Neutral,positive
"This is such a beautiful version of the Qur'an, it has made it very easy for me to learn the Qur'an, Ma sha Allah",Positive,Positive,Positive,positive
Great... The composition is easy to read,Positive,Positive,Positive,positive
Alhamdulillah,Neutral,Neutral,Positive,positive
It‚Äôs very useful... I hope everyone understand very willingly by this apps..I think this app is enough to know Quran well. I got a lot of inspiration to learn the tafsee of the Qur'an. These apps are helping me to understand and learn. Thanks to those who are managing this apps.,Positive,Positive,Positive,positive
Good,Positive,Positive,Positive,positive
"Great, recitefull, clear, and inspirational.",Positive,Positive,Positive,positive
"MashaAllah, it make me so excited.",Positive,Neutral,Positive,positive
Good apps,Positive,Positive,Positive,positive
"A very good app with no ads which makes its excellent source for Quran Al Majeed Recitation,tafsir,meanings,translation a very enlightening experience.",Positive,Positive,Positive,positive
It's just the best üí´,Positive,Positive,Positive,positive
A part of peircing light of guidance,Neutral,Neutral,Positive,neutral
May God reward you with goodness in this world and the hereafter. May God bless you,Positive,Positive,Positive,positive
Above excellent,Positive,Positive,Positive,positive
Hopefully better future..,Neutral,Neutral,Neutral,positive
"very helpful,",Positive,Positive,Positive,positive
This app is very interesting,Positive,Positive,Positive,positive
Excellent aap. I use it daily. Very dependable and user friendly. No issues or bugs. Highly recommended.,Positive,Positive,Positive,positive
Alhamdulillah,Neutral,Neutral,Positive,positive
It's a nice app will recommend everyone to have it.,Positive,Positive,Positive,positive
Best app ever to use,Positive,Positive,Positive,positive
It's very easy to use. It's the most simplest Quran tafseer app that I have ever seen,Positive,Positive,Positive,positive
Prominent,Positive,Neutral,Positive,neutral
Excellent,Positive,Positive,Positive,positive
This app is good,Positive,Positive,Positive,positive
Simply love it,Positive,Positive,Positive,positive
Alhamdulillah,Neutral,Neutral,Positive,positive
God bless,Neutral,Neutral,Positive,positive
A very good app. You can also use the app for memorization. It also has different Tafsir and there is also a word by word translation. I would highly recommend it.,Positive,Positive,Positive,positive
Excellent. It is the best application so far. I like t,Positive,Positive,Positive,positive
Good app üòä,Positive,Positive,Positive,positive
All praise to be Allah... Excellent app.. Mashallah,Positive,Positive,Positive,positive
Excellent,Positive,Positive,Positive,positive
Zajakallah for this wonderful app,Positive,Positive,Positive,positive
Amazing,Positive,Positive,Positive,positive
This is the second app that help me relearn what I am been taught at my Islamic school,Neutral,Neutral,Neutral,positive
The aplication meets my qualification.,Neutral,Neutral,Neutral,positive
A wonderful program and comfortable reading. I recommend it to everyone,Positive,Positive,Positive,positive
Awesome app,Positive,Positive,Positive,positive
Beat app,Neutral,Neutral,Positive,neutral
Easy to read and quick to understand,Positive,Positive,Positive,positive
Been using this app for years,Neutral,Neutral,Positive,positive
Masha Allah may Allah bless you for this app.. It's a blessing,Positive,Positive,Positive,positive
"Assalam or Alaikum, AlhamduliLLAH amazing app!",Positive,Neutral,Positive,positive
Very easy to understand,Positive,Positive,Positive,positive
So good for the old and new muslim thanks for this app ü©∑ü©∑ü©∑ü©∑ü©∑ü©∑ü©∑ü©∑ü©∑ü©∑ü©∑ü©∑ü©∑ü©∑ü©∑ü©∑ü©∑ü©∑ü©∑ü©∑ü©∑ü©∑ü©∑ü©∑ü©∑ü©∑ü©∑ü©∑ü©∑ü©∑ü©∑ü©∑ü©∑ü©∑ü©∑ü©∑ü©∑ü©∑ü©∑ü©∑ü©∑ü©∑ü©∑ü©∑,Positive,Positive,Positive,positive
Very good app,Positive,Positive,Positive,positive
I love the Quran,Positive,Positive,Positive,positive
These apps are the best of all the apps on my phone. Thank you very much.,Positive,Neutral,Positive,positive
It's the best application and ever. One can have it forever. I love it and I'm also glad to have it. Thanks üôè,Positive,Positive,Positive,positive
Well improved and advanced from previous version,Positive,Positive,Positive,positive
"It is great help for me, because it helps understand the meanings and understand how the language works inspite of my sketchy understanding of Arabic grammar.",Positive,Neutral,Positive,positive
"AlhamdulillahÔºÅÔºÅÔºÅÔºÅ Very voluminous in terms of Divine knowledge, convenient, many possibilities and options. It will be useful for learning and memorizing the Qur'an. I recommend it to all Brothers and Sisters!!!",Positive,Positive,Positive,positive
Good,Positive,Positive,Positive,positive
It been nice using this app am yet to see any displeasure Maasha Allah .,Positive,Positive,Positive,positive
I think so far it's the best of all I've used,Positive,Positive,Positive,positive
Prominent,Positive,Neutral,Positive,neutral
This app is just too good you can decide if you want to read English or other languages ‚Äã‚Äãin German and you can even still read without internet! Best quran app and good English translation!!! And no additions,Positive,Positive,Positive,positive
"The application is really good. The letters can be enlarged, so those with nearsightedness are suitable for using this application. There are also many language translation options. Top üòÄ",Positive,Positive,Positive,positive
Best,Positive,Positive,Positive,positive
good,Positive,Positive,Positive,positive
Amazing recommend it to everyone,Positive,Positive,Positive,positive
Ok,Neutral,Neutral,Neutral,neutral
Alhamdullah Its good app,Positive,Positive,Positive,positive
Alhamdulillah.,Neutral,Neutral,Positive,positive
ALL GRATITUDE TOWARDS ALLAH!! AL-QURAN APP BY [GTAF] IS ONE OF THE BEST APP FOR LEARNING QURAN. thank you very much,Positive,Positive,Positive,positive
Thank you all for analyzing Al-Qur'an in such a beautiful way and I pray that you will make better apps in the future...üíùüíñ,Positive,Positive,Positive,positive
Good application for studying the Koran,Positive,Positive,Positive,positive
Just great.‚ô°‚ô°‚ô°‚ô°,Positive,Neutral,Positive,positive
Thank God,Positive,Positive,Positive,positive
God bless you and may Allah reward you,Positive,Positive,Positive,positive
"Great app for learning Quran, but it is glitchy. So I hope that can be improved.",Negative,Negative,Negative,negative
"This new app is good,help me to perform many things here",Positive,Positive,Positive,positive
Good,Positive,Positive,Positive,positive
"This app has helped me a lot or resulted in a lot, thank you ‚ù§Ô∏è",Positive,Positive,Positive,positive
God bless you,Positive,Neutral,Positive,positive
Amazing experience. May Allah reward you.,Positive,Neutral,Positive,positive
Alhamdulillah,Neutral,Neutral,Positive,positive
Masha Allah Good for Muslim to understand the book of Allah in English translation.,Positive,Neutral,Positive,positive
Why there is no Urdu audio translation?,Neutral,Neutral,Negative,negative
"It's a very good application, I like it",Positive,Positive,Positive,positive
"MashaAllah, keep it more useful. Salaam",Negative,Negative,Negative,positive
Very nicely done and more informative about Holy Quran,Positive,Positive,Positive,positive
May Allah reward the people who built this app and are continuously working to improve it. They have helped so many people make quran their companion and I would recommend everyone to have this in your app list so you can remember Allah morning and evening and everyone gets the reward in sha Allah,Positive,Positive,Positive,positive
May God reward you,Neutral,Positive,Positive,positive
A vary good app for those who want to the study the Holy Quran.,Neutral,Neutral,Positive,positive
under test,Neutral,Neutral,Neutral,neutral
"The App is ok and it needs to be upgraded to more advanced features also whenever i am reading a particular verse,if there is any interaction be it an incoming call when coming back to read the particular verse it will start all over from the beginning which is not suppose to be instead of starting from where i stopped pls work on this issue jazaykumullahukayrun fih Dunya wal Akirah.",Negative,Negative,Negative,neutral
Alhamdulillah,Neutral,Neutral,Positive,positive
‚ù§‚ù§‚ù§,Neutral,Neutral,Positive,positive
"The app glitches a little when you play the audio, it sometimes goes over the intended verses, but its convenient to have an auto scroll feature and word to word translation",Positive,Positive,Positive,negative
ü•∞,Neutral,Neutral,Positive,positive
A wonderful software,Positive,Positive,Positive,positive
Really good user experience for quran reading,Positive,Positive,Positive,positive
Thanks easy to understand really nice,Positive,Positive,Positive,positive
Using it for quite sometime now. Improved a lot now. Only issue I still face is related to sync of bookmarks to account. It works sometime and sometime it removes the bookmark while syncing. You need to signout and sign in frequently. Still a 5 star app.,Positive,Positive,Positive,neutral
It's easy and comprehensive,Positive,Positive,Positive,positive
This app is fantastic May Allah bless the initiator of this. Barakalau feekum,Positive,Neutral,Positive,positive
Very good app mashallah,Positive,Positive,Positive,positive
i learn a lot from this qur an .and also understand thank you so much,Positive,Positive,Positive,positive
May God reward you,Neutral,Positive,Positive,positive
Please please add Urdu translation too,Positive,Neutral,Positive,neutral
Very good,Positive,Positive,Positive,positive
‚ù§Ô∏è,Positive,Positive,Positive,positive
Masha allah good apss,Positive,Positive,Positive,positive
It's very good app but just that the audio uses wifi to play meanwhile there's no wifi where I am,Negative,Negative,Negative,negative
Masha Allah,Neutral,Neutral,Neutral,positive
I love this app.May Allah give proper reward to our brothers who create this app.I think all the Quran lovers love this app.I suggested this app to my cosin who is also a Quran lover.,Positive,Positive,Positive,positive
Excellent,Positive,Positive,Positive,positive
great app,Positive,Positive,Positive,positive
Masha Allah ü•∞ to the developers. Such a nice app,Positive,Positive,Positive,positive
Alhamdulillah,Neutral,Neutral,Positive,positive
Alhamdulillah Benefits,Neutral,Neutral,Positive,positive
"It's one of the best Qur'anic apps, keep up the good work, jazakummullahu khairan",Positive,Positive,Positive,positive
Probably the best of the Qur'an apps . Loved it ‚ù§Ô∏è‚ù§Ô∏è,Positive,Positive,Positive,positive
The Best App of all. Thanks,Positive,Positive,Positive,positive
Good,Positive,Positive,Positive,positive
Very very very very very very goooood,Positive,Positive,Positive,positive
Very good apps,Positive,Positive,Positive,positive
Very helpful,Positive,Positive,Positive,positive
Best app,Positive,Positive,Positive,positive
"AlhamdulillƒÅh! I have been searching for an application to help give deeper translation of the verses of the Qur-ƒÅn and mƒÅ shƒÅ AllƒÅh, this is just an amazing one; to me, the best. I recommend it for all seekers of the knowledge of Islam. May AllƒÅh reward the producers with with goodness and accept it as continuous charity. ƒÄmeen!",Positive,Positive,Positive,positive
"Masha Allah, Tabarakallah",Neutral,Neutral,Positive,positive
Alhamdulillah one of my most favourite quran app.,Neutral,Neutral,Neutral,positive
"Thank God, it is very useful, it is very easy to find basic words.",Positive,Positive,Positive,positive
Quran games are very beautiful.......,Neutral,Neutral,Neutral,positive
kind and very helpful,Positive,Positive,Positive,positive
Nementen,Neutral,Neutral,Positive,negative
The application is excellent. Thank you for your efforts. There is a problem with the bookmark not appearing in the consecutive verses page mode or changing to another verse on another page.,Negative,Neutral,Positive,negative
Very good,Positive,Positive,Positive,positive
Barak Allah is your fee,Neutral,Neutral,Positive,neutral
Mashaa Allah Tabark Allah,Neutral,Neutral,Neutral,positive
Good,Positive,Positive,Positive,positive
Great,Positive,Positive,Positive,positive
"Verse No. 7, Surah Al-Isra, the writing is incorrect. Please correct it",Negative,Negative,Negative,negative
Very organized and easy to use app that every Muslim must get. May ALLAH richly reward the team in charge of it.,Positive,Positive,Positive,positive
Ok bgt,Neutral,Neutral,Neutral,positive
Alhamdulillah it is very beautiful from which I also benefited.,Positive,Neutral,Positive,positive
"Very useful, makes it easier to learn mufrodat Al-Quran",Positive,Positive,Positive,positive
Best Quran app available. Especially if you like tafsir and word for word translations,Positive,Positive,Positive,positive
Very excellent and very useful,Positive,Positive,Positive,positive
Best,Positive,Positive,Positive,positive
"Masha Allah, Alhamdulillah, really it's a wonderful app.",Positive,Neutral,Positive,positive
Maa sha allh very good,Positive,Positive,Positive,positive
Best for Muslims ‚ò™Ô∏è You can use this app as many times and can even add bookmarks.,Positive,Positive,Positive,positive
"Mashallah, Subhanallah, Alhamdulillah. The best aps in my whole life. Thanks a lot greentech...(incredible) I can't find the language to say anything else, I will just say that this is the best software in my life",Positive,Positive,Positive,positive
Too good,Positive,Neutral,Positive,positive
Alhamdulillah very good,Positive,Positive,Positive,positive
Alhamdulillah,Neutral,Neutral,Positive,positive
"Good, useful",Positive,Positive,Positive,positive
Burn the Quran regularly. Live an enlightened life.,Neutral,Neutral,Neutral,positive
Lack of clarity in the pause marks in the Qur‚Äôan,Neutral,Neutral,Negative,negative
Amazing app! Allahumma baarik!,Positive,Neutral,Positive,positive
This Quran app is absolutely fantastic,Positive,Positive,Positive,positive
"it is one of the best copies of Qur'an out there. very descriptive, easy to understand translation, very clear Arabic writing style. best part for me is the word by word translation. highly recommended to download.",Positive,Positive,Positive,positive
Good üëçüëçüëç,Positive,Positive,Positive,positive
"A very wonderful application, God bless you",Positive,Positive,Positive,positive
This App is just amazing. Alhamdulillah found this app n it's really helpful. Jazakallah khair!,Positive,Positive,Positive,positive
Excellentüíé,Positive,Positive,Positive,positive
Beautiful application ü§ç,Positive,Positive,Positive,positive
when using same account in 2 different mobile. the data don't sync automatically.,Negative,Negative,Negative,negative
One of the best app to study Qur'an out there in various languages :),Positive,Neutral,Positive,positive
Syukron,Neutral,Neutral,Positive,positive
"It is very good to be a blessing in the world and the hereafter, amen",Positive,Positive,Positive,positive
"Thanks so much,for everythings",Positive,Positive,Positive,positive
like this very much.. help me a lot,Positive,Positive,Positive,positive
It's very good if you don't bring a Koran when traveling long distances such as toll roads,Neutral,Neutral,Positive,neutral
"In the name of God, Mashallah, a beautiful program, may God reward you",Positive,Positive,Positive,positive
Allhamdulliah ihave studied a meaning of quran in this app,Neutral,Neutral,Neutral,positive
Great job indeed. Jajakallah khayer..,Positive,Neutral,Positive,positive
May allah give you better reward - Ameen,Neutral,Neutral,Neutral,positive
"Really beneficial, JazakAllahu Khairan. However, when trying to switch between the tabs located on the bottom for the screen the app freezes and crashes.",Positive,Negative,Negative,negative
Ts the best app,Positive,Positive,Positive,positive
"The best thing I ever downloaded, brilliant app",Positive,Positive,Positive,positive
"Shukran Jazeelan, great experience navigating this app. However, there's notable incoherence and disarrangement of the e'rab translation. Please do kindly look into this.",Negative,Negative,Positive,negative
Thanks üòäüòäüòä to,Positive,Neutral,Positive,positive
Alihamdulillah for this great app. BARAKALLAHU Feek to the developers,Positive,Positive,Positive,positive
It was really good I'm working on it,Positive,Positive,Positive,positive
"The application cannot be accessed at all. God bless whoever developed this program, thank you very much",Negative,Negative,Negative,positive
Allah is Almighty.ü•∞ü•∞,Neutral,Neutral,Neutral,positive
Best app,Positive,Positive,Positive,positive
Been an impressive experience,Positive,Positive,Positive,positive
Mashallah very good app and a very nice ui ( user interface),Positive,Positive,Positive,positive
Beautiful..,Positive,Neutral,Positive,positive
"Alhamdulillah, just awesome. ‚ù§Ô∏è‚ù§Ô∏è‚ù§Ô∏è",Positive,Neutral,Positive,positive
Great Quran,Positive,Positive,Positive,positive
Very cool thank you,Positive,Positive,Positive,positive
"Excellent app for translation, tasfir, also word by word meaning.",Positive,Neutral,Positive,positive
Wonderful apping,Positive,Positive,Positive,positive
"Subhanallah, keep growing",Positive,Positive,Positive,positive
Very good translation application word by word also do it in French because its important,Positive,Positive,Positive,positive
"Turn on the ""Specific Verses"" option. So that one can only listen to the verse until it is well purified and mastered and the other verse is not turned on.",Neutral,Neutral,Neutral,neutral
"Very good and helpful app If possible add night mode to it, its hard to use the app at night time",Positive,Positive,Positive,positive
I love it,Positive,Positive,Positive,positive
Easy to use and very precise,Positive,Positive,Positive,positive
best Quran app,Neutral,Neutral,Positive,positive
Mashallah ‚ù§Ô∏è Excellent App‚ù§Ô∏è,Positive,Positive,Positive,positive
"May God reward you, excellent",Positive,Positive,Positive,positive
It is too early to comment but so far I found it good,Positive,Positive,Positive,positive
It's good,Positive,Positive,Positive,positive
"Great, convenient. It works without the Internet and advertising...",Positive,Negative,Positive,positive
Good app,Positive,Positive,Positive,positive
"Mashallah! It is one of the best apps that I have seen, Allah will give you Sadaqa. Just the mini prob is this, that it KEEP SCREEN ON doesn't work. you have to touch the screen that it should not lock, please solve the prob in new update.",Negative,Negative,Negative,positive
MashaAllahüçÉ,Neutral,Neutral,Neutral,positive
Excellent,Positive,Positive,Positive,positive
Best app !!!,Positive,Positive,Positive,positive
"Awesome, God willing",Positive,Neutral,Neutral,positive
Excellent app love it,Positive,Positive,Positive,positive
Good,Positive,Positive,Positive,positive
Everyone says it's a good thing because this add is free. Good Application,Positive,Positive,Positive,positive
Alhamdulillah,Neutral,Neutral,Positive,positive
great app for muslims,Positive,Positive,Positive,positive
May God reward you with good health,Neutral,Neutral,Positive,positive
"It is a very good, reliable application with easy access",Positive,Positive,Positive,positive
"Best App, Amazing, So much helpful, jazAkallah, This is what you need for short Instant tafsir View of the Quran.",Positive,Neutral,Positive,positive
Awesome app for learning Quran.,Positive,Neutral,Positive,positive
Best apps,Positive,Positive,Positive,positive
May Allah reward you!,Neutral,Neutral,Positive,positive
"So far experience is very good ,it would we keep the app open in popup , so that we can keep listening while working . The biggest pro is this app is without adds.May Allah subhanawtala accept the efforts of developers and grant us all hidaya",Positive,Positive,Positive,positive
"Best of the best, I bought tablet just for this app, so I can read the Quran with tafsir of ibn Kathir, best work ÿ¨ÿ≤ÿßŸÉ ÿßŸÑŸÑŸá ÿÆŸäÿ±ÿß",Positive,Positive,Positive,positive
Can table to download Tamil (word to word ) translation. Others languages are working fine. Please support,Positive,Neutral,Positive,neutral
Masha Allah very good,Positive,Positive,Positive,positive
best app,Positive,Neutral,Positive,positive
Love this üíö,Positive,Positive,Positive,positive
An easy to open easy to read Alhamdulillah for this App,Positive,Positive,Positive,positive
The best,Positive,Positive,Positive,positive
Easy to use it,Positive,Positive,Positive,positive
Very good application thank you üôè,Positive,Positive,Positive,positive
Really good mashallah üí´,Positive,Positive,Positive,positive
Prominent,Positive,Neutral,Positive,neutral
It's really good app,Positive,Positive,Positive,positive
MashaAllah its pure beauty they have done a great job May Allah Almighty Acc3pt it and grant them best in this world and the hereafter,Positive,Positive,Positive,positive
It has all sheikhs and tafsir overall amazing,Positive,Positive,Positive,positive
Besy,Neutral,Neutral,Positive,neutral
good,Positive,Positive,Positive,positive
üòçüòçüòç,Neutral,Neutral,Positive,positive
This is the nice app,Positive,Positive,Positive,positive
Very helpful,Positive,Positive,Positive,positive
Alhamdulillah. A wonderful application.,Positive,Neutral,Positive,positive
"Alhamdulillah..a very good and useful application, hopefully it will be a blessing..amen",Positive,Positive,Positive,positive
Ma sha allah. One of the best apps for quran. The apps has many Tafsir and Arabic dictionary. Thses dictionary is Very important for us. One of the best important the apps is Very helpful and useful. May allah Bless you and your team.,Positive,Positive,Positive,positive
Mashallah,Neutral,Neutral,Neutral,positive
"God willing, it is better than the others as long as the features don't change",Negative,Neutral,Neutral,positive
"Great app mashallah, but I can't seem to play the audio lol. Maybe cause I have a very old phone but it worked before but it's good. Mashallah",Positive,Positive,Positive,positive
"It is done with good effort, but it is not easy to deal with",Positive,Positive,Positive,negative
Simple and complete,Positive,Positive,Positive,neutral
Excellent application,Positive,Positive,Positive,positive
Prominent,Positive,Neutral,Positive,neutral
. Good and thank you,Positive,Positive,Positive,positive
Good Apps,Positive,Positive,Positive,positive
Alhamdulillah. This application is very good and not complicatedüôèüëçüëç,Positive,Positive,Positive,positive
"I didn't have the opportunity to examine it much. I guess it is a very successful application. Thank you, may Allah accept your good deeds, amen.",Neutral,Neutral,Positive,positive
"Great app, I recommend downloading it",Positive,Positive,Positive,positive
"alhamdulilla,i am learning very well",Positive,Positive,Positive,positive
No ads. Easy to use .This app is amazing .Has word to word translation. Amazing interface,Positive,Positive,Positive,positive
"It will be useful, hopefully Allah SWT will make it healthy and become a field for charity in this world and the hereafter",Positive,Positive,Positive,positive
I really love that this book could show more than one translation of the verse. It helps me learn it in both my native language and english. Love the pin and bookmark feature as well. By far this is my favorite Quran App,Positive,Positive,Positive,positive
Alhamdulillah. It's really nice,Positive,Positive,Positive,positive
Greatpppp,Positive,Positive,Positive,positive
Subhanallah Jazakallah khair,Neutral,Neutral,Neutral,positive
I actually really like this app it's perfect for when I don't have the quran e pak with me!,Positive,Neutral,Positive,positive
Masha Allah,Neutral,Neutral,Neutral,positive
very good,Positive,Positive,Positive,positive
This is the best app... May Allah Bless the developer of this app,Positive,Positive,Positive,positive
May Allah grant blessings and abundant rewards to all parties involved in making this Al Quran applicationü§≤,Neutral,Neutral,Positive,positive
Mashallah very helpful app but need meaning in urdu as well so that it becomes still easier for is to understand arabi,Positive,Positive,Positive,positive
"Such a great app mashallah tabarakallah, top. Imo this quran app has the best smoothest experience and richest features for reading the quran and learning it. A dedicated player tab for listening to the quran would be great to add, it would make it the one app for quran both reading and listening.",Positive,Positive,Positive,positive
Very good app.,Positive,Positive,Positive,positive
A great app!,Positive,Neutral,Positive,positive
Excellent,Positive,Positive,Positive,positive
It's a nice program. May God bless those who caused it ü§≤,Positive,Positive,Positive,positive
Very useful application,Positive,Positive,Positive,positive
Finding this app was one of the best things ever happened to me.,Neutral,Neutral,Positive,positive
excellent,Positive,Positive,Positive,positive
Alhamdulillah! Thanks to the entire team behind this wonderful app. May Allah continue to guide and bless you all. Ameen!,Positive,Positive,Positive,positive
The best app on my phone,Positive,Positive,Positive,positive
I love it ü•∞üòä,Positive,Positive,Positive,positive
"Alhumdullah, may Allah reward the makers of this app for their efforts.",Neutral,Neutral,Neutral,positive
God willing,Neutral,Neutral,Neutral,positive
May Allah reward you amin,Positive,Positive,Positive,positive
I love this quran app. Very good application.,Positive,Positive,Positive,positive
It is the best app ever,Positive,Positive,Positive,positive
MashaAllah.. Very good app.,Positive,Positive,Positive,positive
"Best apps for Quran, where you can choose between many options/ customization. Zajak Allahu Khair",Positive,Neutral,Positive,positive
Jazakallah Khair,Neutral,Neutral,Positive,positive
It has many advantages,Positive,Positive,Positive,positive
"Thank you for your best work, jazakumullohu khoirin katsiro",Neutral,Neutral,Positive,positive
Love this app,Positive,Positive,Positive,positive
Excellent,Positive,Positive,Positive,positive
This is a very useful app,Positive,Positive,Positive,positive
"May God reward you with the best reward, the most important thing is without advertisements",Positive,Negative,Positive,positive
Best app,Positive,Positive,Positive,positive
The best Quran app I've ever come across. I love it.,Neutral,Neutral,Positive,positive
"This is a good app, thanks for providing it. Keep moving forward and may Allah make it easy for you.ÿ¨ÿ≤ÿßŸÉŸÖ ÿßŸÑŸÑŸá ÿÆŸäÿ±ÿß",Positive,Neutral,Positive,positive
Good,Positive,Positive,Positive,positive
Masha Allah,Neutral,Neutral,Neutral,positive
I found dis very interesting,Positive,Positive,Positive,positive
May God reward you,Neutral,Positive,Positive,positive
Necessary and useful,Positive,Positive,Positive,positive
Alhamdulillah. Its really a good apps for quran learning.,Positive,Neutral,Positive,positive
Excellent app,Positive,Positive,Positive,positive
Wonderful is an understatement of how the app has been. May Allah reward all the creator Amin,Positive,Positive,Positive,positive
Great,Positive,Positive,Positive,positive
maashaa Allah ... Mantap,Neutral,Neutral,Positive,positive
Best Islamic app ever,Positive,Positive,Positive,positive
Very good and useful application. Plus no ads.,Positive,Positive,Positive,positive
I have downloaded this app yesterday.....InshaAllah will give my review after using it for few days......,Neutral,Neutral,Neutral,positive
"Thank you, easy to understand, thank God",Positive,Positive,Positive,positive
"The application is good but not complete, like there are no prayers, Qibla direction, maybe I don't understand where to look for it.",Neutral,Neutral,Positive,negative
This app meets all my necessities .,Positive,Positive,Positive,positive
Good,Positive,Positive,Positive,positive
"I'm lucky so. If it's wrong, just turn on the audio",Positive,Negative,Neutral,neutral
It's a good translation. The app is very helpful. The root meaning of words could be better in shaa Allah. May Allah reward the team Ameen,Positive,Positive,Positive,positive
clear and precise,Positive,Positive,Positive,neutral
This is just amazing ü•∫üíï,Positive,Positive,Positive,positive
Prominent,Positive,Neutral,Positive,neutral
Best app‚ù§Ô∏è,Positive,Positive,Positive,positive
Thanks for this app it help me to know how allah his so powerful God and great and wonderful,Positive,Positive,Positive,positive
Best,Positive,Positive,Positive,positive
"Masyaallah, it's very helpful, especially since there are no advertisements so you can read the Koran comfortably",Positive,Negative,Positive,positive
The app in general is nice,Positive,Positive,Positive,positive
Very good app for thoes who want to understand quranic messsge.,Positive,Neutral,Positive,positive
Great app and easy to use,Positive,Positive,Positive,positive
Assalamu alaikum! The app is absolutely great! Thank you for your great work!,Positive,Neutral,Positive,positive
"Alhamdulillah, many thanks to the team, may God bless us all",Positive,Positive,Positive,positive
üëçüèª Well done pol,Positive,Positive,Positive,positive
Ideal application,Positive,Positive,Positive,positive
Alhamdulillah,Neutral,Neutral,Positive,positive
Very nice and wonderful experience. Not like others who uses ads in the Quran app,Positive,Neutral,Positive,positive
A wonderful program that helps you complete the Holy Quran,Positive,Positive,Positive,positive
Good app,Positive,Positive,Positive,positive
Alhamdulillah. Its an amazing app for the Quran. I loved it,Positive,Positive,Positive,positive
Very helpful,Positive,Positive,Positive,positive
It's a fantastic app,Positive,Positive,Positive,positive
Beautiful,Positive,Positive,Positive,positive
"Alhamdulillah everything is good but Searching is not working now. Even if search, it will not show. Please help us and look into it. Thanks May The Almighty Allah reward you abundantly",Positive,Positive,Positive,negative
please upload tafseer in tamil language,Neutral,Neutral,Neutral,neutral
Great Interface üôå thanks to Greentechapp Organisation for these all apps they are so helpful In My life ... Jazakallah khair ‚ù§Ô∏èü§ù,Positive,Positive,Positive,positive
"Thanks i gotta say for your work on this app, may Allah bless and keep reward you for your kindness.",Neutral,Neutral,Positive,positive
"Assalamu alaikum. Despite the fact that this time i'm coming back with a complain am not changing the star rate. I noticed that when you select a single surah sometimes, a first letter or a part of it is omitted by the app (e.g Qur'an 16 verse 106,) there is a Ÿà there that is omitted. Please try and adjust the audio. Secondly, why is it that the 'classic madani mushaf' type doesn't have the tajweed features and you can't select a word to see translation alone? Thank you, & may Allah bless you.",Negative,Negative,Negative,negative
One of the best,Positive,Positive,Positive,positive
"Amazing for quarn reading, reccomend",Positive,Positive,Positive,positive
Masha Allah ‚ù§Ô∏è,Positive,Neutral,Positive,positive
"My best translation, word by word, and meaning and Tafsir note.",Neutral,Neutral,Positive,positive
"Best app I've ever used for understanding the Quran. Really, really good. I couldn't access the mushaf mode, though. I need help with that, thanks.",Negative,Neutral,Negative,positive
I was downloaded the developer version. In that app SD card option was working properly. But in this final version app SD card option is not working.,Negative,Negative,Negative,negative
very complete,Positive,Positive,Positive,negative
Thank you,Positive,Neutral,Positive,positive
Very good app,Positive,Positive,Positive,positive
Assalomu alaykum. U menya audio ne zagrujaetsya. Pojalyusta ispravte etu oshibku.,Neutral,Neutral,Positive,negative
"God willing, may God reward you well",Neutral,Neutral,Positive,positive
Mashallah May Allah bless the creator of app Exceptional app,Positive,Positive,Positive,positive
Their is listening kuran here,Neutral,Neutral,Neutral,neutral
Good app,Positive,Positive,Positive,positive
Masha Allah the app is helpful,Positive,Positive,Positive,positive
Mashallah. Awesome app‚ù§Ô∏è‚ù§Ô∏è‚ù§Ô∏è‚ù§Ô∏è‚ù§Ô∏è,Positive,Positive,Positive,positive
Its very helpful apps,Positive,Positive,Positive,positive
Priceless.,Positive,Neutral,Positive,positive
very good,Positive,Positive,Positive,positive
Alhamdulillah! Thank you for your hair!,Neutral,Neutral,Positive,positive
It's an awesome app. Thank you very much,Positive,Positive,Positive,positive
There is a need for amendments to allow a reader access a particular verse of a Surat without having to scroll through the length of the surah,Negative,Negative,Negative,neutral
Very useful app mashaalllah.,Positive,Neutral,Positive,positive
"Easy to follow, especially with translation and reminder of the last verse you have read",Positive,Positive,Positive,positive
Alhamdulillah. No ads and option to select the reciter and translation. May Allah reward you.,Positive,Positive,Positive,negative
God bless you. Found it very helpful. jazakallahu khairan.,Positive,Neutral,Positive,positive
It is very good app for reciting Quran and has a good translation . I honestly love this app i use it daily,Positive,Positive,Positive,positive
No other app has combined quean and tafsir in such a convenient and simple manner to be able to switch into tafsir while reading quran or to read both at the same time comfortably is what I love the most it creates an eagerness to read more. I think this structure should be applied universally on all quran apps to encourage people to read more tafsir in order for them to understand better the kallam of Allah inshallah,Positive,Positive,Positive,positive
Masha Allah great app üíû,Positive,Positive,Positive,positive
"Mashaallah, the mushaf is complete, thank you",Positive,Neutral,Positive,positive
MashaAllah.. Great work,Positive,Positive,Positive,positive
"Alhamdulillah, this Koran application really helped me in studying the Koran, thank you",Positive,Positive,Positive,positive
May God reward you with an excellent application and may God put it in the balance of your good deeds,Positive,Positive,Positive,positive
Very beautiful apps,Positive,Positive,Positive,positive
Full power application. Please add it please. Waqf Ibtida',Positive,Positive,Positive,neutral
Excellent,Positive,Positive,Positive,positive
Must have app,Neutral,Neutral,Positive,neutral
Very good. I like this application.,Positive,Positive,Positive,positive
Simple and educational thank you,Positive,Positive,Positive,positive
May Allah reward immensely for those who are behind this app and made efforts,Positive,Positive,Positive,positive
Great app Highly recommended,Positive,Positive,Positive,positive
i love this,Positive,Positive,Positive,positive
Outstanding,Positive,Positive,Positive,positive
Alhamdulillah Your service is so worthy that people who wish to know Meaning of each ayath/ words is narrated as a ready reckoner.. That helps people to know Quran very easily. Alhamdulillah. Congratulations to the people who worked for this great endeavour.,Positive,Positive,Positive,positive
"The best app i have ever seen,,, SMART,EASY TO USE, I PRAY MAY ALLAH GRANT YOU THE BEST REWARD FOR YOUR EFFORT BOTH IN THIS WORLD AND IN THE HERE AFTER,,I REALY SATISFIED",Positive,Positive,Positive,positive
Alhamdulillah. Great app,Positive,Positive,Positive,positive
"About this app: have so many mistakes, ayaath also missing..this application is not good..pls remove this app....",Negative,Negative,Negative,negative
Is it possible to add a Qaloun reader? We need it if possible,Positive,Positive,Positive,neutral
"whoever made this Al-Qur'an application may have many rewards amen,,,",Neutral,Neutral,Neutral,positive
Very beautiful,Positive,Positive,Positive,positive
"Not for rookies. There are no marking at the end of ayats. So, it makes confusion.",Negative,Negative,Negative,negative
Excellent and the best thing about it is that it is without ads. There is one problem that I cannot make copies for those who want to copy only one word. How do I mark the last thing I read?,Negative,Negative,Positive,negative
"Oh God, glory be to Islam and Muslims. O God, may your blessings and peace be upon our Prophet, our beloved, and our master Muhammad, may God bless him and grant him peace, and may God bless you.",Positive,Positive,Positive,positive
beautiful,Positive,Positive,Positive,positive
Masha Allah,Neutral,Neutral,Neutral,positive
This App has everything in-built,Positive,Positive,Positive,neutral
BarokAllahu fikum!,Neutral,Neutral,Positive,positive
Very good and useful,Positive,Positive,Positive,positive
Awesome,Positive,Positive,Positive,positive
"This is the best Quran app I have met so far. I wish I knew it earlier. I totally recommend downloading this app, you wouldn't regret it‚ô•Ô∏è",Positive,Positive,Positive,positive
Nice app ‚ù§,Positive,Positive,Positive,positive
Alhamdulillah,Neutral,Neutral,Positive,positive
"Fix the marker section... sometimes it likes to change itself, and moving from letter to letter, verse to verse via tools, likes to go backwards incorrectly to 1 selected verse if pressed quickly. If there can be a Latin option for the Arabic writing",Negative,Negative,Negative,neutral
"As a Muslim, I think it's necessary to read every words knowing it's meaning. And I think this app is helping non Arabic speaker like us to understand broadly. Only Allah knows the best, may Allah provides the best to us.",Positive,Neutral,Positive,positive
Better,Positive,Positive,Positive,neutral
A very good app.,Positive,Neutral,Positive,positive
excellent app,Positive,Positive,Positive,positive
Excellent program,Positive,Positive,Positive,positive
"I like this app as its well planned, designed and has no ads.",Positive,Positive,Positive,positive
"A very good application, may God be pleased with it. I recommend it to everyone. For those who want to memorize the first Qur'an. It is very useful and useful. I have just started memorizing it.",Positive,Positive,Positive,positive
One of the best app Mashallah.,Neutral,Neutral,Positive,positive
Want tafseer in Tamil language,Neutral,Neutral,Positive,neutral
Highly Useful,Positive,Positive,Positive,negative
AUDIO QURAN RECITATION ARE NOT AVAILABLE YOU HAVE TO DOWNLOAD IT. KINDLY ASSIST TO DO SOMETHING ABOUT IT.,Negative,Negative,Negative,negative
"It's one of a kind.The translations,the flow of the reciter are all an extra mile .Masha Allah",Positive,Positive,Positive,positive
Mashallah,Neutral,Neutral,Neutral,positive
"So much benefits, Allah rewards those who came up with this ideas.",Positive,Neutral,Positive,positive
Subhanallah. This is indeed a great App. It has many useful features and functionality.,Positive,Positive,Positive,positive
"ŸÖÿßÿ¥ÿßÿ° ÿßŸÑŸÑŸá The best Al Quran apps I ever used. I really adore it and every time I am using it I am thinking about the hard work your team has put on to this AlQuran application. Thank you for making Al Quran so accessible and with alot of important resources in it besides word by word translation. ÿ®ÿßÿ±ŸÉ ÿßŸÑŸÑŸá ŸÅŸäŸÉŸÖ Terima kasih. I would give more stars, unfortunately, there's no more star left. I give a score of cermerlang tertinggi! ÿ¨ÿ≤ÿßŸÉŸÖ ÿßŸÑŸÑŸá ÿÆŸäÿ±ÿß",Positive,Positive,Positive,positive
I love the translation that it has. It would be best if each word had its translation available by touching it rather than having to check them an Aayeh at a time.,Negative,Neutral,Positive,positive
good,Positive,Positive,Positive,positive
Excellent app.,Positive,Positive,Positive,positive
"Ma Shaa Allaah, what a complete Qur‚Äôan with commentary that's understood. Baarokallohu li adha.",Neutral,Neutral,Positive,positive
This Quranic app is one of the best.,Neutral,Neutral,Positive,positive
Good,Positive,Positive,Positive,positive
"What a wonderful job, may God reward you.",Neutral,Neutral,Positive,positive
MashaAllah barek Allah la mighte illa billah alhamdulillah Allah hu akbar Greetings to those who say La ilahe illallah ve la nagbudu illaAllah.,Neutral,Neutral,Neutral,positive
I love it.,Positive,Neutral,Positive,positive
"The best aap, very easy to recite,translate or listen audio",Positive,Positive,Positive,positive
"Alhumdulillah ,it's good üëçüèª",Positive,Positive,Positive,positive
Best so ever,Positive,Positive,Positive,positive
Good and not many ads,Positive,Neutral,Positive,negative
Very helpful,Positive,Positive,Positive,positive
"Amazing App, continue working on keeping the great features but increasing ease of use and user experience. I ask Allah to grant all of you and the users of the App everlasting paradise.",Positive,Positive,Positive,positive
It is very good program for everyone,Positive,Positive,Positive,positive
A wonderful app,Positive,Positive,Positive,positive
Facilitating Learning.,Positive,Negative,Neutral,neutral
Isma√´l IS good I love it,Positive,Positive,Positive,positive
Good and useful app,Positive,Positive,Positive,positive
Nice,Positive,Positive,Positive,positive
Alhamdulillah! wonderful,Positive,Positive,Positive,positive
Very good app.,Positive,Positive,Positive,positive
Very user friendly,Positive,Positive,Positive,positive
Very very very very good,Positive,Positive,Positive,positive
Good,Positive,Positive,Positive,positive
We can recite Quran in both language,Positive,Neutral,Neutral,neutral
I am using this app since 2021 I think it's a most wonderful app,Positive,Positive,Positive,positive
"Mashaallah, tabarokalloh, very good and so helpful app for a muslim.",Positive,Neutral,Positive,positive
Nice Alhamdulillah,Positive,Neutral,Positive,positive
Good all over good. muslimder jonn Akti proyojonio apps,Positive,Positive,Positive,positive
Mash-allah.. Its very helpful.. Wonderful Quran App,Positive,Positive,Positive,positive
Masha Allah,Neutral,Neutral,Neutral,positive
Great application,Positive,Positive,Positive,positive
Very organized simply say fantastic....,Positive,Neutral,Positive,positive
may Allah reward you with every good thing in this world and in the hereafter Amin,Positive,Positive,Positive,positive
Alhamdulillah,Neutral,Neutral,Positive,positive
"Alhamdulillah, it is very helpful for me who wants to know more about the Koran",Positive,Positive,Positive,positive
Best Quran app I've ever used,Positive,Positive,Positive,positive
"Very good experience, free, easy to use without advertising with downloading of the Quran possible (choice of several reciters) and many other things.",Positive,Negative,Positive,positive
"Great app, may God reward you.",Positive,Neutral,Positive,positive
May ALLAH make all the people involved in the creation of this application inhabitants of HEAVEN. Amen.,Neutral,Neutral,Positive,positive
It makes it easier for us to read Al Quran anywhere.. don't read it in the toilet..,Positive,Neutral,Positive,neutral
"Masha Allah Jazakallah Khairan. Take the app to heaven. Mujibur Rahman's Bengali translation of Surah Furqan verse 60 reads ""when they are told"".",Neutral,Neutral,Neutral,positive
Great Extraordinary. Hopefully it is blessed. Amen!,Neutral,Neutral,Positive,positive
Praise be to God ‚ù§Ô∏è,Positive,Neutral,Positive,positive
This is a great experience with this application. I love this apps.,Positive,Positive,Positive,positive
"Alhamdulillah, translation is very beautiful. but I wont recommend this app to any hafez e quran.",Negative,Negative,Negative,positive
Very helpful app.,Positive,Positive,Positive,positive
"A very good app. What's more, the app is free.",Positive,Positive,Positive,positive
Mashallah!,Neutral,Neutral,Positive,positive
Excellent,Positive,Positive,Positive,positive
Awesome and beautiful ‚ù§Ô∏è,Positive,Positive,Positive,positive
"Masha Allah, nice app.",Positive,Neutral,Positive,positive
I can easily read and memorise verse in the Qur'an by the will of Allah even without data/connection after installation.,Positive,Neutral,Positive,positive
"Great Qur'an app, among the best. Masha'Allah Tabarakallah",Positive,Neutral,Positive,positive
Fantastic,Positive,Positive,Positive,positive
"Excellent app, very clear and easy to read and navigate. I highly recommend it.",Positive,Positive,Positive,positive
Masha Allah ü•∞ Allahuma Barik ü§≤üèº,Neutral,Neutral,Neutral,positive
"Am always happy for having this great Quran app, is just the best among the rest. Masha Allah. May Almighty Allah bless the creator of this beloved Qur'an application Amin.",Positive,Positive,Positive,positive
the best,Positive,Positive,Positive,positive
Beautiful app helps with easy memorization especially understanding complicated words,Positive,Positive,Positive,positive
MashaAllah,Neutral,Neutral,Positive,positive
I believe that a word for word transliteration of the Qur'an is crucial to avoid corruption of Allah Subhana wa Ta'Ala's words and decree.,Neutral,Neutral,Neutral,neutral
"Masha Allah.. very helpful and easy for us who are still laymen.. Thank God the features are complete and free.. Masha Allah.. God willing, it will become a JARIYAH AMAL.. Aamiin.. Thank you.",Positive,Positive,Positive,positive
Excellent Al Quran App. Undoubtedly it's the best apps of Al Quran.,Positive,Positive,Positive,positive
"Alhamdulillaah, thank you for this good application, hopefully it will be useful and become a field of reward for all of us, Amen.",Neutral,Neutral,Positive,positive
"Ma shaa Allah,such an amazing app.Keeps reminding me of my Ibadah",Positive,Positive,Positive,positive
Very jelpful,Positive,Negative,Positive,positive
"Great!, but where's the bookmark feature?",Negative,Neutral,Positive,neutral
Very cool and excellent,Positive,Positive,Positive,positive
This is very nice,Positive,Positive,Positive,positive
The best al-Quran application ever.,Positive,Neutral,Positive,positive
VERY HELPFUL THANK YOU MAY ALLAH BLESS YOU,Positive,Positive,Positive,positive
"Best app, love it.",Positive,Neutral,Positive,positive
Good app,Positive,Positive,Positive,positive
Fantastic,Positive,Positive,Positive,positive
ŸÖÿß ÿ¥ÿßÿ° ÿßŸÑŸÑŸá One of the most amazing apps I have seen! You can't imagine how much this helped me in hifdh,Positive,Positive,Positive,positive
"Masha Allah, I have not seen any book that is more beautiful than this",Positive,Positive,Positive,positive
So helpful to practice Islam in daily life.,Positive,Neutral,Positive,positive
"Thank God, this application is very useful and can be offline",Positive,Positive,Positive,positive
good,Positive,Positive,Positive,positive
Thank you all,Positive,Positive,Positive,positive
Very helpful. JajakAllah,Positive,Positive,Positive,positive
ALLAH (S. W) BLESS YOU ü§≤üèø,Neutral,Neutral,Positive,positive
Jajakallahi Khoirun!!!!!! ...I just want to say all my muslim or non muslim brothers and sister if u want to memorize the whole quran u have to download it... it's my personal review ü•∞ üëÜALLAHU AKBERüñ§üïãüñ§,Neutral,Neutral,Positive,positive
Alhamdulillah good app,Positive,Positive,Positive,positive
"One of the best Quran applications without any AD, with so many features. However, not able to play audio. On play option it starts to download the Surah, after it is completed it again asks to delete the recording. The problem has started recently.",Positive,Negative,Negative,negative
"Excellent Qur'an App!!! Provides word by word translation with various Qari for audio recitation. My requested feature would be ""QUR'AN IN THE REVELATION ORDER"" with brief discription about why and when are those verses came. That would be greatly helpfull for understanding the Qur'an. Jazakallah khiran!!!.",Positive,Positive,Positive,positive
good,Positive,Positive,Positive,positive
amazing,Positive,Positive,Positive,positive
Good,Positive,Positive,Positive,positive
"ÿßŸÑÿ≥ŸÑÿßŸÖ ÿπŸÑŸäŸÉŸÖ I really like this application, it‚Äôs easy to customize, you can see what a particular word means, etc. May Allah be pleased with you ameen",Positive,Positive,Positive,positive
Salamualaikum Please add edriss abkar and abdulwadood hanif reciter to this application please,Neutral,Neutral,Neutral,neutral
üåîüåîüåî,Neutral,Neutral,Positive,neutral
Very useful. üåºüå∏,Positive,Neutral,Positive,positive
May God reward you with all the best‚ù§Ô∏è,Positive,Neutral,Positive,positive
I love ‚ù§ Quran,Positive,Positive,Positive,positive
Its a great app Only suggestion i can give is that please add voice translations as well that is to verbally narrate the translation right after Arabic text,Positive,Positive,Positive,positive
"Jazaakumu Allahu hairan, May the Almighty Allah bless your deeds....",Neutral,Neutral,Positive,positive
Masha Allah,Neutral,Neutral,Neutral,positive
I love this App because anything you want to know just type it will take you there lmmediately. Whoever wants the best Quranic App this is the one you will look for.,Positive,Positive,Positive,positive
Prominent,Positive,Neutral,Positive,neutral
Excellent,Positive,Positive,Positive,positive
Good,Positive,Positive,Positive,positive
"It‚Äôs just beyond words to describe, it‚Äôs very useful. May Allah reward you1 with goodness",Positive,Positive,Positive,positive
Masha Allah..One of the most complete apps. Thank you ü§ç,Positive,Positive,Positive,positive
Nice app but showing some issues in the book Mark's,Positive,Positive,Positive,negative
This is the best app so far! JazakAllahu Khair to all theose great people behind this priceless app! The app is so beautiful to read the Quran and benefited from it. üòçü§©ü©∑üíóüíóüíóü©∑ü§©üòç,Positive,Positive,Positive,positive
Best app,Positive,Positive,Positive,positive
"God willing, may God accept the work and reward in abundance",Positive,Neutral,Positive,positive
Is there a English transliteration in the app ?,Neutral,Neutral,Neutral,neutral
Best Quran,Neutral,Neutral,Positive,positive
"Masya Alloh tabarokallah, mantepüôèüèªüëçüèª",Neutral,Neutral,Positive,positive
Very good,Positive,Positive,Positive,positive
Nice,Positive,Positive,Positive,positive
Excellent app please share with your brothers and sisters.,Positive,Neutral,Positive,positive
"MaShaAllah , Excellent May Allah bless you for creating Al Quran App",Positive,Positive,Positive,positive
I found that this quran Majeed is very good made and I didn't find any error in it,Positive,Positive,Positive,positive
"One of the best Qur'an app, With a remarkable friendly user interface and features",Positive,Positive,Positive,positive
Good quran aplication,Positive,Positive,Positive,positive
Very useful app MashaAllah! The feature I love most is the tafsir part !,Positive,Positive,Positive,positive
Good enough to lean tafsir,Neutral,Neutral,Positive,positive
Salam alaykum.Tafsir ibn kathir English version is not there anymore. But kudos to the developers. They did a very good job.,Neutral,Neutral,Positive,positive
Alhamdulillah.,Neutral,Neutral,Positive,positive
MashaAllah,Neutral,Neutral,Positive,positive
Masha-Allah,Neutral,Neutral,Neutral,positive
This is very useful & my favorite choice app,Positive,Positive,Positive,positive
May God reward you for this wonderful application,Positive,Positive,Positive,positive
One of the best Quran application so far. The Tafsir is so good that I find myself reading it more and more. Jazakallah Khairan.,Neutral,Neutral,Positive,positive
Most advanced and beautiful ‚ù§Ô∏è‚ù§Ô∏è‚ù§Ô∏è,Positive,Positive,Positive,positive
This is beautiful apps,Positive,Positive,Positive,positive
‚ù§,Positive,Neutral,Positive,positive
Please check surathul adiyath(100) not complete aayath.,Neutral,Neutral,Neutral,neutral
God bless you,Positive,Neutral,Positive,positive
It needs update. I experience a lot of issues with the app. Sometimes it goes automatically out of app when I'm on it. And it can't download the Minshawis recitation. Lot of bugs lately.. Very sad for a Quran app i have studied much on.. I have a Samsung Galaxy s21,Negative,Negative,Negative,negative
May God bless you and reward you with all the best on our behalf,Positive,Positive,Positive,positive
Very useful and easy to understand,Positive,Positive,Positive,positive
A very good app learining the meaning of each word,Positive,Positive,Positive,positive
